<?xml version="1.0" encoding="UTF-8" standalone="yes"?>
<Manifest name="manifest">
    <Policies>
        <VersionInfo resourceName="JS-CalculateTarget" version="SHA-512:441056ad823d1580cc90002b41d713ec9099477903e41bbe2ccfe05066a00683eec04ebe650d360394415235018504c9577cfe5c65a4b8724eef1253902ca67e"/>
    </Policies>
    <ProxyEndpoints/>
    <Resources>
        <VersionInfo resourceName="jsc://ParseDialWeights.js" version="SHA-512:4dc42014857b2a15c556e9018278f4c3008201a1de431724270d068b30c7800727b0aa8146e2790dca171dcd517430bbf87c4430d0cf22bf4761313b9b1e9ba1"/>
        <VersionInfo resourceName="jsc://calculateTarget.js" version="SHA-512:1bbfe7457a07e065c880f1ea9b030f04b3813a7952aabfa1eb8d8b145c1e347580ad2616eb6425673ede136c4cc98415e81de27a9b3e07823d7832f8a29dbdb5"/>
    </Resources>
    <SharedFlows>
        <VersionInfo resourceName="default" version="SHA-512:f46e4b551a1e2e3ac55d0096b0d502455920e837a0060301eab494cdf46cfff0bfba56185625940a2438e1a9557757c711d9282dc4de033fc285a2e455520316"/>
    </SharedFlows>
    <TargetEndpoints/>
</Manifest>
