<?xml version="1.0" encoding="UTF-8" standalone="yes"?>
<ExtractVariables async="false" continueOnError="false" enabled="true" name="EXT-RetrieveAccessToken">
    <DisplayName>EXT-RetrieveAccessToken</DisplayName>
    <Properties/>
    <QueryParam name="access_token">
        <Pattern>{local_access_token}</Pattern>
    </QueryParam>
    <Header name="Authorization">
        <Pattern ignoreCase="true">Bearer {local_access_token}</Pattern>
    </Header>
    <IgnoreUnresolvedVariables>true</IgnoreUnresolvedVariables>
    <Source clearPayload="false">request</Source>
</ExtractVariables>