<?xml version="1.0" encoding="UTF-8" standalone="yes"?>
<KeyValueMapOperations name="KeyValueMapOp-Dial-Settings" mapIdentifier="oapi-legacy-dial-settings">
    <ExclusiveCache>false</ExclusiveCache>
    <ExpiryTimeInSecs>30</ExpiryTimeInSecs>
    <Get assignTo="useLegacy">
        <Key>
            <Parameter>useLegacy</Parameter>
        </Key>
    </Get>
    <Get assignTo="weights.proxyweight">
        <Key>
            <Parameter>proxyweight</Parameter>
            <Parameter ref="apiproxy.name"/>
        </Key>
    </Get>
    <Scope>environment</Scope>
</KeyValueMapOperations>