<?xml version="1.0" encoding="UTF-8" standalone="yes"?>
<SharedFlowBundle revision="6" name="gk-generic-dial">
    <ConfigurationVersion majorVersion="4" minorVersion="0"/>
    <CreatedAt>1530291419879</CreatedAt>
    <CreatedBy>gregkuelgen@google.com</CreatedBy>
    <Description>Runs Dial Calculations. You must pass a variable named dialPercent into this shared flow. It should be a number from 0 - to 100. The flow then sets a variable named "dial" to either true or false. If dialPercent is not passed it defaults to setting the dial variable to false.</Description>
    <DisplayName>gk-generic-dial</DisplayName>
    <LastModifiedAt>1530291419879</LastModifiedAt>
    <LastModifiedBy>gregkuelgen@google.com</LastModifiedBy>
    <ManifestVersion>SHA-512:db83cb0cfdecd9c000e84794da5d52aa753dcc6699a421b6ba9842da1f722fbb5107748c792682166b5a415ef2fdeaac6992eba4c61cfea84d1ccabb82349c14</ManifestVersion>
    <Policies>
        <Policy>JS-CalculateTarget</Policy>
    </Policies>
    <Resources>
        <Resource>jsc://ParseDialWeights.js</Resource>
        <Resource>jsc://calculateTarget.js</Resource>
    </Resources>
    <Spec></Spec>
    <subType>SharedFlow</subType>
    <SharedFlows>
        <SharedFlow>default</SharedFlow>
    </SharedFlows>
</SharedFlowBundle>
