<?xml version="1.0" encoding="UTF-8" standalone="yes"?>
<SharedFlow name="default">
    <Step>
        <Name>KeyValueMapOp-Dial-Settings</Name>
    </Step>
    <Step>
        <Name>EXT-RetrieveAccessToken</Name>
    </Step>
    <Step>
        <Condition>useLegacy = "false"</Condition>
        <Name>oauthV2_ValidateAccessToken</Name>
    </Step>
    <Step>
        <Condition>useLegacy = null</Condition>
        <Name>oauthV2_ValidateAccessToken_NoFault</Name>
    </Step>
    <Step>
        <Condition>useLegacy = null and fault.name = null</Condition>
        <Name>JS-CalculateTarget</Name>
    </Step>
    <Step>
        <Condition>failedAuth != null and failedAuth = "true"</Condition>
        <Name>SC-AuthErrors</Name>
    </Step>
    <Step>
        <Name>JS-SetRequestPath</Name>
        <Condition>useLegacy = "true"</Condition>
    </Step>
    <Step>
        <Name>AM-setTargetUrl</Name>
        <Condition>useLegacy = "true"</Condition>
    </Step>
</SharedFlow>